create table system(property varchar(50) not null,content varchar(500),constraint pk_system primary key(property));
create table resources(id_ integer not null,name_ varchar(233) not null,lastname_ varchar(233) not null,folderid_ integer,lastfolderid_ integer,basefolderid_ integer not null,isdeleted_ boolean not null,istobewithdrawn_ boolean not null,islive_ boolean not null,creatorid_ integer,modifierid_ integer,creationdate_ timestamp,modificationdate_ timestamp,isplaceapproved_ boolean not null,placeapproverid_ integer,placeapprovaldate_ timestamp,syncdate_ timestamp,syncerid_ integer,documentType_ varchar(233),ischeckedout_ boolean,latestversion_ integer,currenteditorid_ integer,constraint pk_resources primary key(id_),constraint fk_parentfolder foreign key(folderid_) references resources(id_));
create index nameindex on resources(name_);
create index lastnameindex on resources(lastname_);
create index folderidindex on resources(folderid_);
create index lastfolderidindex on resources(lastfolderid_);
create index basefolderidindex on resources(basefolderid_);
create index isdeletedindex on resources(isdeleted_);
create index iswithdrawnindex on resources(istobewithdrawn_);
create index creatoridindex on resources(creatorid_);
create index modifieridindex on resources(modifierid_);
create index creationdateindex on resources(creationdate_);
create index moddateindex on resources(modificationdate_);
create index isapprovedindex on resources(isplaceapproved_);
create index approveridindex on resources(placeapproverid_);
create index approvaldateindex on resources(placeapprovaldate_);
create index syncdateindex on resources(syncdate_);
create index documenttypeindex on resources(documentType_);
create index ischeckedoutindex on resources(ischeckedout_);
create index currenteditorindex on resources(currenteditorid_);
create table blobdata(id integer not null,mimeType varchar(100),len integer,data binary,constraint pk_blobdata primary key(id));
create table blobs(documentid integer not null,documentversion integer not null,propertyName varchar(233) not null,target integer not null,constraint pk_blobs primary key(documentid,documentversion,propertyName),constraint fk_targetblob foreign key(target) references blobdata(id));
create index targetblobindex on blobs(target);
create table sgmltext(id integer not null,segmentno integer not null,text varchar(3900),constraint pk_sgmltext primary key(id,segmentno));
create table sgmldata(id integer not null,segmentno integer not null,data varchar(3900),constraint pk_sgmldata primary key(id,segmentno));
create table sgmlgrammar(id integer not null,grammarid varchar(100),constraint pk_sgmlgrammar primary key(id));
create table texts(documentid integer not null,documentversion integer not null,propertyName varchar(233) not null,target integer not null,segment integer default 0,constraint pk_texts primary key(documentid,documentversion,propertyName),constraint fk_targetsgml foreign key(target,segment) references sgmldata(id,segmentno));
create index targettextindex on texts(target);
create table linklists(sourcedocument integer not null,sourceversion integer not null,propertyName varchar(233) not null,targetDocument integer,linkIndex integer not null,constraint pk_linklists primary key(sourcedocument,sourceversion,propertyName,linkIndex),constraint fk_source foreign key(sourcedocument) references resources(id_));
create index targetlinkIndex on linklists(targetDocument);
create table maxids(fordocument boolean,maxid integer);
create table maxmemberids(foruser boolean,maxid integer);
create table changelog(sequenceno integer,idtag integer,userid integer,username varchar(233),timehigh integer,timelow integer,code integer,i1 integer,i2 integer,i3 integer,b1 boolean,b2 boolean,s1 varchar(233),s2 varchar(233),s3 varchar(233));
create index sequencenoindex on changelog(sequenceno);
create index resourceidindex on changelog(i1);
create table linkchangelog(sequenceno integer not null,target integer not null);
create index i_linkchangelog on linkchangelog(sequenceno);
create table cmusers(id integer not null,name varchar(233) not null,userdomain varchar(233),jndiname varchar(2000),jndiid varchar(233),active boolean,authdata varchar(233),homedirid integer not null,constraint pk_cmusers primary key(id));
create table cmgroups(id integer not null,name varchar(233) not null,groupdomain varchar(233),jndiname varchar(2000),jndiid varchar(233),isprod boolean not null,islive boolean not null,isadmin boolean not null,constraint pk_cmgroups primary key(id));
create table cmrules(groupid integer not null,resourceid integer not null,rights integer not null,doctype varchar(233) not null,constraint pk_cmrules primary key(groupid,resourceid,doctype),constraint fk_holder foreign key(groupid) references cmgroups(id),constraint fk_resource foreign key(resourceid) references resources(id_));
create index cmrules_fk_resources on cmrules(resourceid);
create table cmusergroup(userid integer not null,groupid integer not null,isgroup boolean not null,constraint pk_cmusergroup primary key(userid,groupid,isgroup),constraint fk_group foreign key(groupid) references cmgroups(id));
create table cmlicenses(username varchar(233) not null,servicename varchar(20) not null,constraint pk_cmlicenses primary key(username,servicename));
create table wfprocesses(id integer not null,name varchar(50) not null,isenabled boolean not null,serializedobject binary,constraint pk_wfp primary key(id));
create table wfdefinitions(id integer not null,xmldefinition binary,jar binary,constraint pk_wfd primary key(id),constraint fk_wfd_process foreign key(id) references wfprocesses(id));
create table wftasks(id integer not null,name varchar(50) not null,type varchar(30) not null,processid integer not null,serializedobject binary,constraint pk_wft primary key(id),constraint fk_wft_process foreign key(processid) references wfprocesses(id));
create index idx_wft_process on wftasks(processid);
create table wfprocessinstances(id integer not null,processid integer not null,ownerid integer not null,parentinstanceid integer not null,isdetached boolean not null,constraint pk_wfpi primary key(id),constraint fk_wfpi_process foreign key(processid) references wfprocesses(id),constraint fk_wfpi_owner foreign key(ownerid) references cmusers(id));
create index idx_wfpi_parent on wfprocessinstances(parentinstanceid);
create table wftaskinstances(id integer not null,processinstanceid integer not null,taskid integer not null,constraint pk_wfti primary key(id),constraint fk_wfti_instance foreign key(processinstanceid) references wfprocessinstances(id),constraint fk_wfti_task foreign key(taskid) references wftasks(id));
create index idx_wfti_instance on wftaskinstances(processinstanceid);
create table wfvariables(id integer not null,name varchar(50) not null,type integer not null,isinternal boolean not null,isreadonly boolean not null,isstatic boolean not null,islogging boolean not null,transactionid bigint not null,sequenceid integer not null,binaryvalue_0 binary,booleanvalue_0 boolean,booleanvalue_1 boolean,booleanvalue_2 boolean,booleanvalue_3 boolean,datevalue_0 timestamp,doctypevalue_0 varchar(233),groupvalue_0 integer,integervalue_0 integer,resourcevalue_0 integer,stringvalue_0 varchar(2000),uservalue_0 integer,constraint fk_wfv_user foreign key(uservalue_0) references cmusers(id),constraint fk_wfv_group foreign key(groupvalue_0) references cmgroups(id));
create index idx_wfv_name on wfvariables(id,name);
create table auprocesses(transactionid bigint not null,transactiontime timestamp not null,performerid integer not null,id integer not null,name varchar(50) not null);
create table autasks(transactionid bigint not null,transactiontime timestamp not null,performerid integer not null,id integer not null,name varchar(50) not null,type varchar(50) not null,processid integer not null);
create table auprocessinstances(transactionid bigint not null,transactiontime timestamp not null,performerid integer not null,id integer not null,processid integer not null,ownerid integer not null,parentinstanceid integer not null,isdetached boolean not null);
create table autaskinstances(transactionid bigint not null,transactiontime timestamp not null,performerid integer not null,id integer not null,processinstanceid integer not null,taskid integer not null);
create table ausignals(transactionid bigint not null,transactiontime timestamp not null,performerid integer not null,processinstanceid integer not null,taskinstanceid integer,name varchar(50) not null,integerdata_0 integer,stringdata_0 varchar(50));
create table auvariables(id integer not null,name varchar(50) not null,type integer not null,isinternal boolean not null,isreadonly boolean not null,isstatic boolean not null,islogging boolean not null,transactionid bigint not null,sequenceid integer not null,binaryvalue_0 binary,booleanvalue_0 boolean,booleanvalue_1 boolean,booleanvalue_2 boolean,booleanvalue_3 boolean,datevalue_0 timestamp,doctypevalue_0 varchar(233),groupvalue_0 integer,integervalue_0 integer,resourcevalue_0 integer,stringvalue_0 varchar(2000),uservalue_0 integer);
create table blobcodetable(blobid integer not null,blobcode varchar(48) not null,constraint pk_blobtable primary key(blobid));
create index blobcodeindex on blobcodetable(blobcode);
create table queryidtable(sequenceid integer not null,resourceid integer not null,constraint pk_querytable primary key(sequenceid,resourceid));
create table replicatoridtable(id integer not null,version integer not null,constraint pk_replicatortable primary key(id,version));
create table trashidtable(id integer not null,constraint pk_trashtable primary key(id));
create table query(id_ integer not null,version_ integer not null,isapproved_ boolean,ispublished_ boolean,editorid_ integer,approverid_ integer,publisherid_ integer,editiondate_ timestamp,approvaldate_ timestamp,publicationdate_ timestamp,"Description" varchar(300),constraint pk_query primary key(id_,version_),constraint fk_query foreign key(id_) references resources(id_));
create index i_query0 on query(isapproved_);
create index i_query1 on query(ispublished_);
create index i_query2 on query(editorid_);
create index i_query3 on query(approverid_);
create index i_query4 on query(publisherid_);
create index i_query5 on query(editiondate_);
create index i_query6 on query(approvaldate_);
create index i_query7 on query(publicationdate_);
create table preferences(id_ integer not null,version_ integer not null,isapproved_ boolean,ispublished_ boolean,editorid_ integer,approverid_ integer,publisherid_ integer,editiondate_ timestamp,approvaldate_ timestamp,publicationdate_ timestamp,constraint pk_preferences primary key(id_,version_),constraint fk_preferences foreign key(id_) references resources(id_));
create index i_preferences0 on preferences(isapproved_);
create index i_preferences1 on preferences(ispublished_);
create index i_preferences2 on preferences(editorid_);
create index i_preferences3 on preferences(approverid_);
create index i_preferences4 on preferences(publisherid_);
create index i_preferences5 on preferences(editiondate_);
create index i_preferences6 on preferences(approvaldate_);
create index i_preferences7 on preferences(publicationdate_);
create table dictionary(id_ integer not null,version_ integer not null,isapproved_ boolean,ispublished_ boolean,editorid_ integer,approverid_ integer,publisherid_ integer,editiondate_ timestamp,approvaldate_ timestamp,publicationdate_ timestamp,constraint pk_dictionary primary key(id_,version_),constraint fk_dictionary foreign key(id_) references resources(id_));
create index i_dictionary0 on dictionary(isapproved_);
create index i_dictionary1 on dictionary(ispublished_);
create index i_dictionary2 on dictionary(editorid_);
create index i_dictionary3 on dictionary(approverid_);
create index i_dictionary4 on dictionary(publisherid_);
create index i_dictionary5 on dictionary(editiondate_);
create index i_dictionary6 on dictionary(approvaldate_);
create index i_dictionary7 on dictionary(publicationdate_);
create table code(id_ integer not null,version_ integer not null,isapproved_ boolean,ispublished_ boolean,editorid_ integer,approverid_ integer,publisherid_ integer,editiondate_ timestamp,approvaldate_ timestamp,publicationdate_ timestamp,"annotation" varchar(252),"mimeType" varchar(120),constraint pk_code primary key(id_,version_),constraint fk_code foreign key(id_) references resources(id_));
create index i_code0 on code(isapproved_);
create index i_code1 on code(ispublished_);
create index i_code2 on code(editorid_);
create index i_code3 on code(approverid_);
create index i_code4 on code(publisherid_);
create index i_code5 on code(editiondate_);
create index i_code6 on code(approvaldate_);
create index i_code7 on code(publicationdate_);
create table linkable(id_ integer not null,version_ integer not null,isapproved_ boolean,ispublished_ boolean,editorid_ integer,approverid_ integer,publisherid_ integer,editiondate_ timestamp,approvaldate_ timestamp,publicationdate_ timestamp,"title" varchar(252),"shortTitle" varchar(180),"keywords" varchar(252),constraint pk_linkable primary key(id_,version_),constraint fk_linkable foreign key(id_) references resources(id_));
create index i_linkable0 on linkable(isapproved_);
create index i_linkable1 on linkable(ispublished_);
create index i_linkable2 on linkable(editorid_);
create index i_linkable3 on linkable(approverid_);
create index i_linkable4 on linkable(publisherid_);
create index i_linkable5 on linkable(editiondate_);
create index i_linkable6 on linkable(approvaldate_);
create index i_linkable7 on linkable(publicationdate_);
create table article(id_ integer not null,version_ integer not null,isapproved_ boolean,ispublished_ boolean,editorid_ integer,approverid_ integer,publisherid_ integer,editiondate_ timestamp,approvaldate_ timestamp,publicationdate_ timestamp,"title" varchar(252),"shortTitle" varchar(180),"keywords" varchar(252),constraint pk_article primary key(id_,version_),constraint fk_article foreign key(id_) references resources(id_));
create index i_article0 on article(isapproved_);
create index i_article1 on article(ispublished_);
create index i_article2 on article(editorid_);
create index i_article3 on article(approverid_);
create index i_article4 on article(publisherid_);
create index i_article5 on article(editiondate_);
create index i_article6 on article(approvaldate_);
create index i_article7 on article(publicationdate_);
create table container(id_ integer not null,version_ integer not null,isapproved_ boolean,ispublished_ boolean,editorid_ integer,approverid_ integer,publisherid_ integer,editiondate_ timestamp,approvaldate_ timestamp,publicationdate_ timestamp,"title" varchar(252),"shortTitle" varchar(180),"keywords" varchar(252),constraint pk_container primary key(id_,version_),constraint fk_container foreign key(id_) references resources(id_));
create index i_container0 on container(isapproved_);
create index i_container1 on container(ispublished_);
create index i_container2 on container(editorid_);
create index i_container3 on container(approverid_);
create index i_container4 on container(publisherid_);
create index i_container5 on container(editiondate_);
create index i_container6 on container(approvaldate_);
create index i_container7 on container(publicationdate_);
create table imagedata(id_ integer not null,version_ integer not null,isapproved_ boolean,ispublished_ boolean,editorid_ integer,approverid_ integer,publisherid_ integer,editiondate_ timestamp,approvaldate_ timestamp,publicationdate_ timestamp,"title" varchar(252),"shortTitle" varchar(180),"keywords" varchar(252),"mimeType" varchar(120),"width" varchar(45),"height" varchar(45),constraint pk_imagedata primary key(id_,version_),constraint fk_imagedata foreign key(id_) references resources(id_));
create index i_imagedata0 on imagedata(isapproved_);
create index i_imagedata1 on imagedata(ispublished_);
create index i_imagedata2 on imagedata(editorid_);
create index i_imagedata3 on imagedata(approverid_);
create index i_imagedata4 on imagedata(publisherid_);
create index i_imagedata5 on imagedata(editiondate_);
create index i_imagedata6 on imagedata(approvaldate_);
create index i_imagedata7 on imagedata(publicationdate_);
create table topic(id_ integer not null,version_ integer not null,isapproved_ boolean,ispublished_ boolean,editorid_ integer,approverid_ integer,publisherid_ integer,editiondate_ timestamp,approvaldate_ timestamp,publicationdate_ timestamp,"title" varchar(252),"shortTitle" varchar(180),"keywords" varchar(252),constraint pk_topic primary key(id_,version_),constraint fk_topic foreign key(id_) references resources(id_));
create index i_topic0 on topic(isapproved_);
create index i_topic1 on topic(ispublished_);
create index i_topic2 on topic(editorid_);
create index i_topic3 on topic(approverid_);
create index i_topic4 on topic(publisherid_);
create index i_topic5 on topic(editiondate_);
create index i_topic6 on topic(approvaldate_);
create index i_topic7 on topic(publicationdate_);
create table roottopic(id_ integer not null,version_ integer not null,isapproved_ boolean,ispublished_ boolean,editorid_ integer,approverid_ integer,publisherid_ integer,editiondate_ timestamp,approvaldate_ timestamp,publicationdate_ timestamp,"title" varchar(252),"shortTitle" varchar(180),"keywords" varchar(252),constraint pk_roottopic primary key(id_,version_),constraint fk_roottopic foreign key(id_) references resources(id_));
create index i_roottopic0 on roottopic(isapproved_);
create index i_roottopic1 on roottopic(ispublished_);
create index i_roottopic2 on roottopic(editorid_);
create index i_roottopic3 on roottopic(approverid_);
create index i_roottopic4 on roottopic(publisherid_);
create index i_roottopic5 on roottopic(editiondate_);
create index i_roottopic6 on roottopic(approvaldate_);
create index i_roottopic7 on roottopic(publicationdate_);
create table folderindex(parent integer not null,child integer not null,distance integer not null,constraint pk_folderindex primary key(parent,child));
create index reversefolderindex on folderindex(child,parent);
insert into system values('Version','46');
insert into system values('cap_incarnation','1');
insert into system values('cap_initialized','true');
insert into system values('folderindex_number','40');
insert into system values('folderindex_state','2');
insert into system values('folderindex_tag','-863321166');
insert into system values('patch3.3','1');
insert into system values('patch4.1','2');
insert into system values('patch4.2','2');
insert into system values('repository_id','-863321166');
insert into system values('repository_multisite_enabled','false');
insert into system values('repository_server_identifier','nelson/127.0.1.1:44441');
insert into system values('repository_server_type','production');
insert into system values('schema_id','1698500644');
insert into system values('timezone','GMT');
insert into resources values(0,' ',' ',NULL,NULL,1,0,0,1,0,0,'2015-04-06 20:11:28.229000000','2015-04-06 20:11:28.229000000',0,NULL,'2015-04-06 20:11:28.229000000','2015-04-06 20:11:28.229000000',NULL,NULL,NULL,NULL,NULL);
insert into resources values(1,' ',' ',NULL,NULL,1,0,0,1,0,0,'2015-04-06 20:11:28.231000000','2015-04-06 20:12:28.000000000',1,0,'2015-04-06 20:11:28.231000000','2015-04-06 20:11:28.231000000',0,NULL,NULL,NULL,NULL);
insert into resources values(2,'Meine Voreinstellungen','Meine Voreinstellungen',7,7,1,0,0,0,0,0,'2015-04-06 20:12:02.000000000','2015-04-06 20:19:12.000000000',0,NULL,NULL,NULL,NULL,'Preferences',1,1,0);
insert into resources values(3,'System','System',1,1,1,0,0,0,0,0,'2015-04-06 20:11:54.000000000','2015-04-06 20:11:54.000000000',0,NULL,NULL,NULL,NULL,NULL,NULL,NULL,NULL);
insert into resources values(4,'Home','Home',9,9,1,0,0,0,0,0,'2015-04-06 20:12:36.000000000','2015-04-06 20:18:42.000000000',0,NULL,NULL,NULL,NULL,'RootTopic',0,1,NULL);
insert into resources values(5,'Home','Home',1,1,1,0,0,0,0,0,'2015-04-06 20:11:55.000000000','2015-04-06 20:11:55.000000000',0,NULL,NULL,NULL,NULL,NULL,NULL,NULL,NULL);
insert into resources values(6,'coconat.java','coconat.java',9,9,1,0,0,0,0,0,'2015-04-06 20:13:02.000000000','2015-04-06 20:14:17.000000000',0,NULL,NULL,NULL,NULL,'Topic',0,1,NULL);
insert into resources values(7,'admin','admin',5,5,1,0,0,0,0,0,'2015-04-06 20:11:55.000000000','2015-04-06 20:12:02.000000000',0,NULL,NULL,NULL,NULL,NULL,NULL,NULL,NULL);
insert into resources values(8,'coconat.php','coconat.php',9,9,1,0,0,0,0,0,'2015-04-06 20:14:32.000000000','2015-04-06 20:15:20.000000000',0,NULL,NULL,NULL,NULL,'Topic',0,1,NULL);
insert into resources values(9,'CoConAT','CoConAT',1,1,1,0,0,0,0,0,'2015-04-06 20:12:28.000000000','2015-04-06 20:17:12.000000000',0,NULL,NULL,NULL,NULL,NULL,NULL,NULL,NULL);
insert into resources values(10,'logo','logo',9,9,1,0,0,0,0,0,'2015-04-06 20:17:12.000000000','2015-04-06 20:18:34.000000000',0,NULL,NULL,NULL,NULL,'ImageData',0,1,NULL);
insert into blobdata values(1,'image/png',10657,'89504e470d0a1a0a0000000d49484452000000c80000005e0802000000e905cc97000000097048597300000ec400000ec5018c303f5a0000295349444154785eed9d07581359d7c727bd904eef524510442962015454c45ed7b6ea8a1d1b1640c5ae58585d74ed6b2f6bc7868a0515d1b5835d41111510a5d710d2bf49261926934240dcddf7dbfc9e3c3c33e796b933e73fe7969904bc542a050c18686ef06843f381c1600caafdcff2a38405aa0a6d32f05fa29985f5faf56b0f0f0fb4d5c07f8f6613565c5cdcf8f1e35bb76e0d767f50b80a0b0b6b54dc32f49bff9f683661c5c6c6423282c5949c9cac92a321d455086bd4a0b9ff399a4758ea9a50e7e6cd9bab1edba3ad5ab815e30420aa45d56fd0d9bf9fe611168aaeeb3fa04d00b0ea31daa2038d35406a030c3afb5fe07b8505fbb877efdebce02daa89cd0cac364861efdebd73717119387020dc06586186958e7f9c260a0b1933207ff3ea137f38d011a79c0515a612bac0566ddfbe3d222202da060cc1ec9fa3d1c25297d43f08d480bcdda1d9d9d990055295817f9cc609ab5954050f9520bcbcbc8c479f455a1a8beda4abb6f20d54cd80216efd73344e58108d9514d2df321f47abb879c8902167d4040134fe2880bc08782c7891c2c03f48238405794b7f7f6febc777777787b675c48cc4c444b4497e2c588efa1f11063a9cfa6a858e6618685ef41216ec18fd7d0ccac23d46b601fbb27ffffe494949da5c8b8c315239b01d19f07437000a57f02e4a5ef0b6b636184020e5977ec8b873f5d2854b29198558868573dbbe31eba77990d1f9b4d1b0b01adbada03a3eb8f8d1a3472f5cb80027a1d0e66ca45d771843a90a46a3bc34e634508fe8f3ce60d7986f8eaddbb469d36d80a7cdb73dcbf73c58dcacc28251f7a53aeac3673d5d888a5888947ad4c31872654b5b290894bcc00d028120100854321980117db9fbd96ee29decaddef2dd9a5317971f7f5b0300a6a87c5ad157580daa0af2745a5a5a6060203a4d8e8989496969a936f7abdb75c415a4c25016dd2023a85028d47188ff3aa2c21c0160ae62e27dc929e0da5b196155acda684058faf48390a4347a08e9f8929212d5c406d058210a380e41076a541168d7a02dbd91728b2b04522b23b45d33ba84055f7d6de14ab7a4d86c3698b475ebd6193366a0939b1594bc0a0b0bcdccccd0995441862e70e3fdfbf7cececeaa590c7c175a8545a552d126551eadf402b4ab0ab6eb5655666666ab56ade05d8db5e909585658fae6d68573e6e68a10ee13d4bf6d60cf3e030686fa5a53d4222f3274b9b8b88c1831e2d8b1632a19ea0a1e9dd9bd7dd7d1e4f48fa55ca104990616c4911816ad3a0d18372d626ca80787a09a2a435afb29f5f0e68ddb8ea7be2de48a1027862130ecdbff14b97ce9946eb664b576c9119466deb978eae4a90b371e677d29e3f24512950b83259bb8751b17b53ce6673f53750f8213ba9ca7f7526fde48bdffe27d7e517975ad4082c1936826b6adfc82c3fa0f080bf43023693e6ef3816e167c1f370897cbd5a803fd6b0071737353ab445a5926c82a12145489ab0412a1141c65639934bc1587d8d29cc0c0a9e655202e7db477c18c45fb1f97628dddbb0dfdc5cddeda942a2cfb9af7e1eada516b66f028cefda2133647f77150d3171cba8e1f3fbe7af56a2727790cae799bb87ae6ec0d37be12acfcfafd346f6bf7403f4f37275b8e4206a29aa2dcf7afd2efa75d4f3abd6af095d2f4b7ab3c892ab556bf3c10392a62df6b6c8be0e15336ade9059677363792355e509a9d7e3be9c8b684053df66c1c75e8e69e31ceaa332d71c1b1a16d479d2b221abb0504070e993bc9b79d97bb8ba3bd8d194dee2c29b7e0f58394b307b76e99e4fffbc6b91752e27b99c3574598b3e7a7ae11e772452463078fd66e4e2dda75f563d3a814124eccab2ccacf7e712cfa8f25bff099dee3e2b6ff3ab9838a2aeb9ec5b46c1b9f0befe3ed3b205201809f34d2833352c5a4a0cdd64f4fa6dbab4a092d2c3dd13d0b83bda5238f3afc0adea52795175fd77ee2a393602c6de9033a7286d8e3ea05262ebdbdb25fef958f28fee337a5c44e0e69a1e2629092f4e309cb16adefefb86ff4a1943fc6b85050e9706bc1de108c7a45b7d68c18bc2c55d46af0b2b36ba207ba9250d941f03433c7b6ddc0cfb0889f4cdd7b568b555279ef0f85078f3b51e3396ee7c3cd53fc182a8900d1d8b9c3e039e067eea1b1bda68ced883779b32fcc043120aeb8b1e1327ee499af470759d41b11608cac5a878c053fd1911b07f68ee91366f9e6fefc968a568a0b52ffc28f4bccde32d849dbc280f44bdaaed50b96ceee78e64cc2ddf3b3bd8c94f75a5dd6ed32eff59f9e46dbabe497431b9652a5c595cf66b4084afb22d229ac51a34601880bdd64905da10ec04e10ec0a655b047bb35e1b023ab7ab466741f335affaf7256b3e8f5b3027c45cd67449455a4c872e9bca8297ddb8b03c18e54305263e23e22e8e187f706cef69637d4a84cfce873ba2b5079f320643e000787cd7c5c9c75685aa4e8a3421bcb5fec03bc1e05ab0a723e2e5978cff7ef7c0b693ef588d3d7cffe0680d1eaac769eca1dbc2923693c72c9cf47977277848cccb38f492da76792fcdaa42426a372fe95c41eb2e8b6725875f19c8813c565b582d7269a155552018eba0a93bee0d1f18d965c8dc90991eeff6f6604345f99f7245a8bc7ac2cffea656524558478f1e05c719dfa3aa4605aab76fdf827fa53cdebed3dffefc2a6d505572b2f392b72606cf9b2bdb16179e0bef9b501cb4ee6e6a14ea1b1c825a3e918a0c36cee30e3de4107c874ee8b3ceefe9524fb52b0fc62a50550040369d78f4f6ee414851f1736e279ebf76efd9bbdce26a0140a21b5b3b7b770e1b3c24887172cdf96ff61382f9d9053c5f3b2a465a7927badbe4db5693121fffd187099797e4dd397efa7a7a4e99846eeb15327c5c480b4580b29ab07bd9de967317a76cb83540915d9473f621de758d8f32ac4a3ede3c76f1feab0f7985e55c21866aead8aec7c8f1612e8a3b031fb03caefb8111eb6e540e1cc6921908d6cec4b2cc7755403bd94d26aa2cc82d28a9a8a91361c96c2b1717cbfa60cd0edd949cf0baf594a93b16662e72918f108956169a071a0d82a7e4bf2ca80bb0420e185584f53d9282815585ac2d212121323212de859065c0bbd84d4e72b2d730f6d54cc5adb20ad78840f9a8a2e6dec28917a803fe3c8b5055fec5e5914b77243d2d1280e7c6720b19b760c3afe35a43d5b3fbed3d13f53860d92ffb7f7938cd0e3508a87bb3c10b8b2f1f71f8eeee41264aa3e4fd8998e931db523ed711d9562dec6dcdd8146c55cec78c94533bd7454f34b321958abbac0b31e5d85980833769d59de8c15baa0337a62254f5f5fcdca113b7dc2bc1324c4de8186ec9a6b5cbe2c24f67eced0b4557eb71733b2f1ebded216f404fb9d3a525d72ff1ac86045b298a571c0b1ff0f35d8cb9a5199b41c60aab0b4fec4e885b37f6d4b383fda143d07b85fb198d3afcbc6e58b0ec5ec1d9f46a0f9c4a183f78d7bb878fdf1670c5887b1d4375e83e7dc3def8c1d0ab2080d5a45f7f89f7df72f873f44a67d9c520bb7660666deaddee2405d23dce72f89f4951d05c997f737a8fe887b5504115c4359fbf9a0c3651936413c758da80fb14b158ac3b6ec9b31173d26e4eb8a361f95b54f85769ce0b6e59914820027014bc9115d5ca9be5e48dcbbec9b3eaddd30e548aa4f85cd42161c0e6adc339ca526f36760d8c4e15b61eb170f7f00e96d5cfcfeffe6dcb2ffed79e9c7fb4a5074d9ea3cdf2ad3f1f0e99e1f02a5cec8d8c67c2f75b872f7ae71695766828acaa8f077f0e9d76349bda61627cfc505f730a856562c266d22824020e23ad2bcc2de172ab2bcaab712c733b63220610646e1abf5bd0f9f7a373e0870fb97b07064c3dcf6d3b6debdea1ad9954a699a951d999b15d17452e9dd177535b79167ac7be2d714b2ee7897bbaca7cc37d74b280e5dddb4d5181e4f9a537b5ae4b2efe116a6566cc30a29089d22f2746749c3f67d99cfe9ba0357123cff6d6c0bedb5f45c10e325fd23aafdeff5b465e05bf63d791c656f6f626642c064f2411f1a26f8f8fad5df4ebf08e5f4ebffe7300246bef31bdacb7fe79b57ca5b36c419decb5f8dacdfe6f32df7ff8f8f1e3a7e789c75e7eae51b4031096663d7b5e133ab693ea68034b649959d94c7570326b50581a0758e0505ddb52160ab82c4e3ebc6e405b46dd06de1418ab462be9b7e359a77efd965fc1f2e8deab8b9f878325db8800086b2b8bd2b21e26dcfd2b9d33e05757b2ecde4e8a4fe7f4ba304179730319518317a592066f3a10e16d6adac2a98555cf3e6366ced912da3672f4e84e59e747b06599f0410b26b53a1c1f44c75409e0b6494b2f452ece729e7677ad9ff2027d3d3ca4f3c433fc2eb187a3badbb0cc1c5d1cadd964e49a33c7183ab044c897e2c1ab58757be1ba7cd7596767d8283248d217f49971beae7bdcfea84e96e64e1eaed60c027871e6ec9bb6c6fbfab9f7405b1779360b0f6b32f7e5eb7291ab091e10649d7e4e729be8adbc24595732cad95d3ce8662d5bb762414db39cbefde7d8f66929b980b79ddcc0b461e16a7273ab440e1cb0193863ffa163fd41b354585d5a29a630e854220ef2895fa7b0fe7edd1ca62cd9b26a40aca3dcd4b29b2b79f7f597dc886ee0101e43b1f408003fa18044505b74eae1f158791e189cebe059ab7a3bd235adbc637064d40246bdb0d4f50401494d7f6d41e8961420cf50f2aa60f8e53a957cdfb6656c4fa8759db8e7ecdab1bec668d58348ea2a7978d94897fb60ef5b56f08610e560a9ead492bdef8cc30f4ef1b6b06bd3d6890595a5b49a9e78f492cdc8951b3347ac86e280d3a8112d57ffdae50d1e831143ed14e51e8a49a6851e5feeafbc66d9bf0e8a385b1db462ffc2601bab565eae668ade410358822cf2494b2f2f4b2274da1b255bdb9393b53a7cf36bb309fbe676b2b2f668e76a42545c5dbc43888bf8f8871200808485a5d049c0d7b2329ec4840e14265f17d94de8a40c9ac577d3f270fefe2cbab17ca542518199a391e4510d3c7316f145522c96572d9072a0f903048640373101a4a2baeac22f85a5953c09c1886d6a3e7845b749036e3fe5c63aca670b541b5b86383dab88dfd501393ec212a9348a5a0c92d549a1d1e91a1234a0f01d93a91815689397fe4042c4343431c460d9a6e10f5bbb22c553989fb8b3ca35f6c15f2bdbd3b534034b66ca2f8938ffea0b92fb145fe5fc8e977af05ea5ebac41b66c470f4785aaa002a67de32750fcce1e7bbf7a05e44ac7d00e66cb9253f2c4522b9cac9dc2ec950939b6430e0c530e8c8af74f8d7b441cbc2d2a08736369dbd5b7959ad041e58d4d8f595d1287192bf6b917166d7d45fde98fe10ec68e9e2eb0aa64607058f0e4eb0d825a81042fe1f225009dfbd7e9128e4f2f5765cad3e42cbecb7c6b061b5ac182101765d710d876f2f82ba3e44389886581e7cb9660a15a85c519895be3130e243fcdaf124a3078328dc934c2096a2a2a6b0412504ded0bc17912340d25d349989ae2529ec481ac9f5ef446d1e2aaaa2a55bb02b86744852b70575d3a8b172f06e4d2d42d2908a9e0dbb6dd5f129153c1cacbdfbeb2679d58a0555508f8594ff89cb6ade1e155766a668d691f1f9699832515559ae8363a0838f2d7b31ac0051a68b50868413af238872781ceaee8c2beaf367d277750167b93107fa7ae735c782b8e5d44c29d216bf4381dde937d4f8dfc8e76533eac283d9d70bdd46dd64847967d4b6bd453db9a0f0558565778745ffdad5c4030a1016209c07f792a93e2bec053d990cccbcf2a4dfbb9d1992c6438a9f8eb8ec0a4575b6554ab7cf5ac08d7b2051992aab8f4ee86314317249799b61b383e2eba6fb70eeddc914ff7a4959f5fbcfcca81d732408563c4021e5f04f674f5b99a030dbd0d041c78d009da898b8b837c00956ac01f1271beea2c435afaa4ce7cd898367a3de5e4e516e138f6f06d2b29ce2995daba3058e60cf533223afa320567b28bc1a1ad7c9f6dc721f0bf7ca9144a8d64dd98f5dccf66a3864363699057fb4e7d20f78bf16659bad865f2ea4f41c70d23cebbf800e716d711aa1e74f6b5c3e9b56d623b199b3aa06505f0336f16926dda2a4762c0d757050266281d83c58abf5cba0d38ce6bafd4dc97d47bdf88013e4c3a07d911f33212f3689e61cac760d29757327936532dc964024652726d966fe8ae9ace51e78ec40fb0af2f530f8669dfa6b35a8a58243bb146785a0fd4dda02fea410b0e6fb051a3331479783575aa2bd6121e1770eeec885e18d78c88cbc710a9f042a750f6388c4ea3b1a89a6e3c3c830c08b8f0e4134ba21080d2daaa3a8915492af980c17ab986b82b7d977f3d351f1f1c6bcbb4b165e125aa7797c6d301e1a6dfac35eddcc152b12b7e7afe05d721c2936962c346afa3883e26a661ec23dbd115fbbcb74f0aa4aeae46443ca622f56ca569507707654afad5f7028f11167463644728ca39fb08efbaa69d7268f9eeea933246903bcd88862bbd3871f04e6ecfcdf7afce80fafc46a0e1a4be9346084b7dfc0eee9a9999151515218d0d062d8551504b029d8978b48b2553292c3ada135ac01b11a5e0e844b94ba09270d2a22a0c5936f1524350c9c31069f0f28284cf130244f1e53e52b7bb80f053088166e9062f327c7a9c2bb01f62c5b434859e2bc2770bb4adcca64279462ed1ce179aa481e43dc8aca675f060b0cdd506ba8277bb0f575b8f1ee0ac34bcbef29a6b39c2d6c888c47f7a2287e6b51e5e927b7de9658dd508300833102334f43a57e9bdd45c8c5f249bce21e6ef9f9b44e973f4384255958f0ec46f397af551567e517169b58840e358d8397bb41fba6c5b243c38d582a6cbd828b40a4bbd13d4382b2c2e2e46eec2aad2e603180cad936b4ca2b5f2ce95594c7c311f6a84f5065d50ec2cc4659fcb0000bac1b1664ec6d8bfde73d51a2d839ff3a89260e602bffc58feb94c48b2657488b120e04bca0f176118ede4cbd6327825a575584b0b3a9ba9327d7efaf469dbb6706f89425292534b327380c77b455945420b3716dd8486d295b4f2f6d21d554eb327b7515ade9eb9f595ded59b6e44c77e3af700efb2d257394cfb94f2b098dad99b4153e908b98f4e20d7b9444f2f67d639cdb163b2e9b537f7e7da0e3b3e1c1e1dbcdbdcb3f3bceb15c66dbaf71d39dcaf950d8bc02ff9f8e2f6812d7f1e0b5d19e9ab0caf5ac0e2b068074a55dfb06800adc2d2135487086ebf7efd1abacb756b4b2a7872e3c8e7b8028489d9c7bceadcc7bac11cb5e72dea905afa92cb5ebc2c037c207f3a7775a72524df2df92dc8181d25f8af0fddc1da4779c363b74f0f3ff12dbbd2a8567d860c05877ab2574ae03278121e232daf21d05516ad0048555a4e4a525d01905bd0e002bc4a9e944ea732d033f6da67eb269c2176da3d47f1d5250078b1ef740eb5fb42333a9b5a71fa52ade580aed68a94aa87293962af49a62a2b0d8020ebe47392dbe4b6cab09e99fcb4d2b8572b3a834528bef789ead1c75399b378dfa425d7c57d369c8af435615ad85a9bb119541281306e10ffd0a5abca4c3ac051c852916c4c0f41a08043389e50fddcb5a21096bdbdfde7cf9f55935450ef076190dad23f628137857b4b2c50807ccdc9dc3a90b2fd71cdde40e528583b389bd036fc13498ff8bff4927771e4e0f181ecc19bb73e9fb3c557659426fe9638f7a0c02576a493d2f2e1f2bd225afb96826321fb8e3f0727e2de528e6cfe0d41b0f7b4c06e4ffb0244f82a4d0d839369aafe7cc94c0aa6a4484c2122b52929bf15dd6f5d699be55726285f42acbb16ff670e6be0121b86094bf4f8643ed3bb77fd98fcd2eb5abbc90e0c361dd1b94b0a2fa788ed2677522e6a7cbdfd57013ec00f1cde53719f0ac5141363b8bbcf7df4b1d674f8785f4b5bafb64eecfa3a3445744de0586c4c5d559d7297c4669324e9f9f07ec32884f5e9d327e4a80839aa40f689a90b9cbbac537c991d092a6e210398368561c0992e7b64db98d54ce4b99a8ffd703175a76dd8e4167267a923950a018cec3a19054cf0288ffae35a6daf7ef2de833670f5540fffb8fe337b3fdb15a67cc220ad7916df6fdc5de341a7e7c0a39af7474ebcc307ce34b3edfb283424a4b2ecd93c13effb4f0a015fe8b9b3fba8010ebf6d9cb7f15197b51d981ada20ae29e5ca6f061ccd5831e3c372ac7135df8af9e0f597ef3b0539530e9dbe5dba384839ad1717dd58d43d74476dd78da796c1e1ea7dc2c233852d67f5b7615a98e2b2139f11dd36c1a1e8fdb5f43246706b1a9d85ec08abef9c2ee5f8862a0751751957df095a0db56470c0e13dd10823a8e1812d83f2b3c1a947e5eb7cba6b3f84aa1a01d6d88ec87f935f0500d0431c870e0ea453e71e9447fbc07dad6e14c282d5a33eb482d111b400556d2175a99209813c49f2ec4cd6dc6c95379eb0c6ee274f7e3e4f23747436b267e198440c5622e50924e535a2fc62fedb02b1f710f3285b320967d237a6c3a449ab77e5f69b030d9b3d579ffb2da3e3ccde0e8fc3e337c60c722a4dd9b670dec6b43aefa8cb87062a9f71f16fc4edc9a4f49ee7c0e0300829376e801d549f40c91f47938aa64e84228957dce105693de33ada5e1bbb7475f4b8eeeea6542ab5b656b13482c1d34954b6054b6cbef4cdfd29d6722f622d02acea7e4bfb00f4814463326c7e9fd8c1cbba8fa01e8affd9a3eec18155d12b4e7d6085c45d4b8e84f59dbb75d2faa7464377763335b6332716ff794d68fb4b67e530b0ecdeadcf189f596c864a4758f7e26426a575ac97d2436f2e3daf361fe64a67324818ac591b56edc9f47ca02b74311cc78c6fb77e5ee4b0e9923dabc3831ce0d19e447526ae150cc7db4a70fdd917600474e5ac464cedbc6c4264d834d281a523fcadf1e5efef9fdfbf795b52be98c8b4701bbdf350b883eab44b262c5007ea933b591a1e0f694587da90c0da82f5a4ed2749eb2ba4f83bcf3c66ab8ced30fc1ae1ad671568ab9ce4091d5e2dba733c8466d2ffd789b33aad8938fcf3c53190479ca65d7ed3eab7e815db637bef9f21c4d26c7d7a2f495cb7729083b2ace4c9d299c70b5c67fdd4a270872965bfdc46f59fd34f1a1abff67178829f5c2704ff950fde0625acf8754ffc10cf28bef2d6c01959baf976ee163670f898be9858b7ee4959fc29d650afcb081ac8989d74f4edfad5505746eb7ff4c61ee31971ab7abbce1761c8661e5da7ec3cb47a4a7bf809ae387dd9e08569b8be09e35c59368e2644eee993c5ecfa2577d133704cee38cb5ed6112a8bc856cb92ee609d62da2be73bb9371e14513ab795758460bbd95dbae3579e38933f3f125a22b39b9392429a13bd21b687e36c314686ec5e9639c6a8235e43244643f30b21e7a7defa06b482c2aee9f8b317cba6cedd3c2770cf249938b16413279f6efdc78f6c973177e2f6bbd5e1f5931739326169930ef405296492eea00520b40595d216b1907661fe9391bb386588e9a16ef0d68c374fbf0a435c0846feabf60f3bd67fe6a075de7794ebd5c65de6ee053fa8321065e7c28725645a4d38d0d3dcd87327038711cb9b41eb1cb7bc65cbc53fcfeeff6c4b57c5f8ccb2fb9c9de0076c5d7569195742667298c8a178b683b1f4c6f30a7137c848700e9f64ba69f7a253f3cf42af4501d856bf6cbbf1cbb6fa1208c42f7eeb1d1697613a6e57441b8e8dab2d0dcbbf7fea2dd97dbe97d2df59c94f2b383ddd694c16726a5a7eeb5c95594888bd62b7e651ca0771ebf166348e3c1c91dbcc1a49e9b87ecee971a78642bd15d53f62576ac42e49457e767e498d408a2352e82c63332bd3fa69860e082ea37b63f76fdff1266285a2f336ea38eff08379aab940b889dba71ebd9c231ca3fadebfa22bd4a6ad26a0be70aa91c4c4c4a1438742dbfceca4d16b09c5ae2efa9c31cedcf3cbfd1c1ee04200b0267d765d8a0e085cdcb54b5d6292b6374821b20f8e099b7aa4c877c1bee1b6393b9cbb0542aa9241709999b8f99c67e4a060cac92bf13d55ee3c02ddd85c5df3c62d38787c6156b1c0d242be1e446c15b9a5efef43a70ddbec797db6722d402339c7a60d99b2eb397b687cc2d896660e1e0e2cbc6ce13e55ea1019a05cf3f89676b700dfde8f251b93d797e4659cf848f7ea03c7ff97975e71adc739d2d9f29726c0d8efb37267dfe3c3c37b44b352e2bbc3eb2700966503864578570d0c59b69ea80ed52f76b695d7c6314bfb3e5ce9a763f1c0a895b705eee1cb823a1f7bf48b7e48498182c8cbcbb3b393f5d41aa5c679145de61f8fb6aaa28fb6860c1982cc706263c6b6a8759bcbbb987a0750742c920af32a3e7ee3bd7df24510ca007d8a61768abb9b4aea17b622c431397cc5dad849ddecd14b7fa5192712962efcedf2477a8fd8ddf37bd858ac8b3c953cf928320bc975faa5bb3c967f4c9853cae8452b174eebdb4acbc454907b2ff1f01f5bb63e10bb0dc4d409250034f5c39a0dd8776e7afb1e73037cdf26fc113f5efe02a72adf1e1cdcb87cf9b66b9f8c82e7ee8eeee7626aebe969a7584125524dfcbb3b2a32f233ae6409bd14637204580acdb5978f722926fbfa93524e88179dc1560eef7116430fdf5ad7bf4b4c2fa75b636297c74ce9e3a6f3e918b7e0ede3d4773554070d5ff49141f258787ad965bf15ddda7c8cdb1e3f2b58d3ca97f073da91fd4f2a294c61394f628f7c908dae132526f54806469aae0d090b506a0bd0de1ba2c032dbcdfc63c79897e7766c8a3870bda894ed4466991148642c0e2315d58979a5fc8adcda6f6fb86515128a43e0e8bef5eac11907adb893db674fccf445b34276cf31f608eae65fff2d9d6769379fe4f388d61d46ae593332c0b2e4aa5bbbb8e4afeaabb058a65f3400c4ec1f4b5b10dbeff0429aad5780bfb79ba3b529934a0084bceaf2a22f1fb35ea43f7e9dcf9550ad7d7acfde30ca135f87f85217d6b8fba6f427eed37f9e13eeb32faa55e790a076aed61cb2a4b6b2f44bf6cbf4fb0f5e7dab23db05ffbc7edd503f0ba6b98b87ab153ca226da587c591e80a9efc00901712d194cd5355a80de82fc708615a6fedb7456e3e699d03988e13d86ee139df2b9dbc125736263fa1e8832b2f6f0f1f67075b23567d3c19b5558c7abad01cf232f37f75376d6fbfc0a81144b3673ef35c7022d020518a3764bd35e3a46ff326b7697a30baddb74eae4e3ee6065cc20cbbff293f7eec5833bf7334bc574a7aea36798f1c1ce968df81294863a05020191a8701c99acb843900a6b70a405d155fe6b550d862e043896e790857b872c94f00adf3dcb78919993f7b5b4aab64e48c2912c19ecae96764e6e9ede5e8eb2f73551058dfda7ec793c6547e9ab6b278e1c3b7ff3e6d95bb5622c9969e9e439785178a0bf9b29894833b569e168d34575e1b31eb89d637fabc94b4f3e7ee454f25f294f53aa6a0562d93b573496b9adabffa86533fdbc9c4cc93812c3d4dccada5af5db6858a6cfd4236f276c7e9b7ae6f0a19357930e5faa114af16486a95d4bff71ab22dbb771e410490c731bfb16a0e210cdc0594f78289d006e48f9df9e3dc882de33c1d2e463f27a28edb77e956e05372455ef1f3e2d809e6651d8749407711cdff06d77c2b770f39f5d3f7be24cf29d47571f95d7f084622906472051e92c134bfb96ddc70f9fe3e16a6f46236070442a9d835eca85c1d0dcc76c7f347ac397a729897f1e3d9f7ae5f1952a9e508a255299e6f6ad02a7ac5f14e065c7209099e656a886a085850a517cbee28532064325b8237f934387ce207ba342970c2cc5dcad43989bead7daf48060dcba4fc4ba3e118054c8ada8a8e6d5f163972c1ad2c5cbccda9e4dd73c9280005b58ff055d1ccdd67f5814f8918af9dcaaaa9ada59d14b8cc87840c4afcdb97bf2afa339ef32df17f1d0da862118b7ea31690df8910a6b2b2b2a6b6af9608789c3138814233a8361a4b26a8a0243b2681bdce0d773b00c970ec10d3d66c61ad9b41b3813fc00e049d4d4706bebf84291582c01b020383c910442a650a924e4cb81dac08231baff2cf00348f8359555d5b57502a14822c560f1041285c66032a8ea6b656861a1c65b60e802e786e0767575b57ab708e854154ce343d7f78291bd2e69242a2ede7fe0cf068f0b9d1497cb554bc091686c33baea341a4a411b3481215059a6d4fa51f43f048e64c4043f6873d3c08257c494a6cf1a295a58482097c06242690e83f8b5aa06e5d5c4d0d554a0963b3838405fd7d6a1adbfad49ff35340b0b9c18dadadaa28cd0d5873ca11ebaf401292f881fe451584c1839da8e0226252525f5eddb179da044e3696aabcd0012cdc2525715047c7fc3571cde6e3068c1c02333b8ec8c1933b66c69e67f3e006b2b2525059da65fa0d2a82a0241c75a88817a340b4b37d0155fb264c9aa55ab90571f39a26f10c8a97014dcba5536e1812d4d008e4cc1c1c1b76fdf0610da52cf09a5a2ecfa60f811403d91090b1981906cdbb64da31dca0faa0a9d20471f79c9f2207e941bf6714c4c0cf288faf81e960e9c195495463d018d97d4bb77ef5c5d954ff01a53d080e688b570e1c2b56bd74644444c9f3e1d36c22e87375ab76efdead52b380312485e01010194417fa2ec32f7a8fed43bcc7a39f02e4ad61afd8a34aa8b0c75cf68ac4123502983aa9a8c666181aa429b34f1f2e54bc897783c5e2c16a39301e0c18307c0838603983650a241e94c23ea799a2008d4fbd6069a80666141373ac8ba75eb162c58804e56027951dd97eac00b134d703344930b360a7dcec5803e681016b2fb00073da0b0600baa6701275cddbb778777f5012efef708457ff87c3efcfccac0f7a3415848e9a06212ea860e090941ee360ab8aa0d1b36cc9ba7fe9acfdf014639266b3050fddb6e837f3f1a84f53ddcb871e3dcb973bffffebb4657691c4a8396f9f3e7c3bb3f08584310f00a30aa9da816c24694c54083344e58a83e11e58391234742310c14163233721bda4015570f1bcdee4bf810e006168b9548241a05a46e34d03414c2dabc79f3ecd9b355933470fdfa756803160732f5d8b16348c52053e1fc5239901176b6ba3b9196064506558bb2008882a8d6aab75c9b11b2a34d06f44021ac59b366e923ac9e3d7bc2dbea7e827d70f2e4c99f7efa49a3ab6011a01c86c7e34522b55f4895a3436450524949095c2d5264c856c195a8370902faa5381406553599c675854850df7145fa15721ef4b765cb96999999dadc09fbfef4e9d3c3860d83ca6a54248446bb8989ec9717b44947631175c0ce116531a8ea7ba817d6d5ab5743434311499a090a0a4a4b4b0310df7145fe550752957aa481e316541054156487ff22d1213518649e952b572e59b244b7460dfc50ea8585ece674003d89435ac04e242323a34d9b36482faa7b14da5dbe7c39940a59c07886ccd36450c2d5a82af5262151cf8c4834d0681add15aafb462c1683aa82b68f1c39824c5277cfb265cbe06dd897a83a61d921b3c199b5e90369d458adc6874e30a8ccd0119116038d424558da7ca611f59cb0fb912ed1e863181d47f4f2f27af1e205bcab4355a0b17dfbf6282318598383839116bcecc78d0dfc4d34fd5a6bf4318c6e3da14055a51e3ca00d305b5454146c47453214148a7e3f0da80543b8fa4ed0c2d2e6277d80cb226b100a8570a88053d5039b7a9053076907f36fdb56ff1576f8d0f086bfbfecd7ce9b864155df0f5a58df0f529a9087d2d3d30b0b0b7bf7ee8dccd6a3470f785b9b923402d58f921172f77bee0dc0a0aa664283b0f4748c7a1e948f61bb8f8f0f6c8700b7edecec2011409991a9487d5cb972253434144e45e544ea293a3a1ad980a661505573a14158206074b97cf932d2d2a0da080402f40d4438a26874125c496e6e2e721709521fbd7af542272b4185abf5ebd7c7c7c7c346b07e5b5b5b8df51bf81bd02cac4b972ea15cd2a0872055016a39391c4e797939a00c06702a322c21f3eb00b95401a81d08555b1354a5f14e30d034340b0b503adeddddfdf5ebd79087d44580b2a01c0325bd7af5aa4b972ed0bfb047660e0b0b832d7a2a60851cb45509f2e84d9048138a18d081566141bc79f306ded6bd0ea42d0279787814171763e420ede0e009b9ab5e104583190084401bcca94ebb76ed323232d056034da561adc072515fb9d6e83f5801700c40ee6a2ca20f70c169d3a6edd8b14335f17be34d6060e09d3b77d05603df812e6101086da113e420a3887a1ea405cc3970e0c0f3e7cf23d21b28ae111d714b9b5d1f0caa6a761a10d6f7a3439a28e569cc8304cc038dd59a1d8dff59d8c0f7d0b0b074b85cdd8eb2c0656b6b6ba9542ab22a54b5ea55a9a3238f8e247d30a8aad9695858809a081a049ceae7e5e5212df53f6ba6a45115fe50be737c6640237a090b68a4b6727373a1cca822ba6b68d421f444db3f57828f056e989898fca01ef6bf8cbec26a14487dc02bf248346a48ddf2fde85615203fa82162fd081a212c8d6a6890e1c387a3defe037e8c86f4078e55e80403cd4723840534495beaaafa376050d58fa671c202e42e993f7ffec68d1bd109ff231824f5f7d0686101f25f5b008143d7ddbb773b77eeac9a45854d9b36fd1be6f30649fd9d3445581070b7a85b550062950887c3a93f1742d184deb6410c92fafb69bab080c68b4024123598bfc10c8dc5a0aa7f84ef1216a0749b0e35a0e6f6aa893f10839efe59be5758103ae4a56e7cfcf8b19f9f1fcad88c1824f56fa0798405a1435e487e9caa0c92faf7d09cc282d0535ecd8e4155ff2a9a5f58107fb3bc0caafab7f1a3840501fbfb4728cc20a67f333f565830481174ead4e9debd7b88447d110804867f65f3bfc2ff011ddaf260485a32ac0000000049454e44ae426082');
insert into blobs values(10,1,'data',1);
insert into sgmltext values(1,0,'CoConAT implementation using Java');
insert into sgmltext values(2,0,'CoConAT implementation using PHP');
insert into sgmltext values(3,0,'CoreMedia Content Access Tool. A far too simple library to access basic CoreMedia CMS content objects directly from the database using different languages for integration purposes.');
insert into sgmldata values(1,0,'(0003diva0005xmlns002Bhttp://www.coremedia.com/2003/richtext-1.0]a000Bxmlns:xlink001Dhttp://www.w3.org/1999/xlink](0001p(0006strong-0007)0006strong-0016(0001aa000Dxlink:actuate000AonRequest]a000Axlink:href003Dhttp://en.wikipedia.org/wiki/Java_%28programming_language%29]a000Axlink:role0001]a000Axlink:show0004new]a000Bxlink:title0001]a000Axlink:type0007simple]-0004)0001a)0001p)0003div');
insert into sgmldata values(2,0,'(0003diva0005xmlns002Bhttp://www.coremedia.com/2003/richtext-1.0]a000Bxmlns:xlink001Dhttp://www.w3.org/1999/xlink](0001p(0006strong-0007)0006strong-0016(0001aa000Dxlink:actuate000AonRequest]a000Axlink:href0010http://php.net/]a000Axlink:role0001]a000Axlink:show0004new]a000Bxlink:title0001]a000Axlink:type0007simple]-0003)0001a)0001p)0003div');
insert into sgmldata values(3,0,'(0003diva0005xmlns002Bhttp://www.coremedia.com/2003/richtext-1.0]a000Bxmlns:xlink001Dhttp://www.w3.org/1999/xlink](0001p-00B4)0001p)0003div');
insert into sgmldata values(4,0,'(000BPREFERENCESa0007VERSION00024](0007BOOLEANa0004NAME0029ExplorerPredicate0-configurable-explorer]a0005VALUE0005true])0007BOOLEAN(0007BOOLEANa0004NAME0029ExplorerPredicate4-configurable-explorer]a0005VALUE0006false])0007BOOLEAN(0007BOOLEANa0004NAME002AExplorerComparator1-configurable-explorer]a0005VALUE0006false])0007BOOLEAN(0007BOOLEANa0004NAME002AExplorerComparator3-configurable-explorer]a0005VALUE0006false])0007BOOLEAN(0007BOOLEANa0004NAME0028ExplorerSwapOrder-configurable-explorer]a0005VALUE0006false])0007BOOLEAN(0007BOOLEANa0004NAME0029ExplorerPredicate5-configurable-explorer]a0005VALUE0006false])0007BOOLEAN(0007BOOLEANa0004NAME001BResourceChooserComparator0]a0005VALUE0006false])0007BOOLEAN(0007BOOLEANa0004NAME001BResourceChooserComparator2]a0005VALUE0005true])0007BOOLEAN(0007BOOLEANa0004NAME0019ResourceChooserSwapOrder]a0005VALUE0006false])0007BOOLEAN(0007BOOLEANa0004NAME0029ExplorerPredicate2-configurable-explorer]a0005VALUE0006false])0007BOOLEAN(0007BOOLEANa0004NAME001BResourceChooserComparator1]a0005VALUE0006false])0007BOOLEAN(0007BOOLEANa0004NAME0012ParanoidQuestions]a0005VALUE0005true])0007BOOLEAN(0007BOOLEANa0004NAME000EPasteQuestion]a0005VALUE0005true])0007BOOLEAN(0007BOOLEANa0004NAME000FAdjustOnUpdate]a0005VALUE0005true])0007BOOLEAN(0007BOOLEANa0004NAME0011Explore');
insert into sgmldata values(4,1,'rFactory0]a0005VALUE0005true])0007BOOLEAN(0007BOOLEANa0004NAME0029ExplorerPredicate3-configurable-explorer]a0005VALUE0006false])0007BOOLEAN(0007BOOLEANa0004NAME002AExplorerComparator0-configurable-explorer]a0005VALUE0005true])0007BOOLEAN(0007BOOLEANa0004NAME0029ExplorerPredicate1-configurable-explorer]a0005VALUE0006false])0007BOOLEAN(0007BOOLEANa0004NAME000CReuseFrames]a0005VALUE0006false])0007BOOLEAN(0007BOOLEANa0004NAME002AExplorerComparator2-configurable-explorer]a0005VALUE0006false])0007BOOLEAN(0007BOOLEANa0004NAME000ERemoteControl]a0005VALUE0006false])0007BOOLEAN(0007BOOLEANa0004NAME000AJumpToTop]a0005VALUE0005true])0007BOOLEAN(0007BOOLEANa0004NAME001BPreselectClipboardDocument]a0005VALUE0005true])0007BOOLEAN(0007BOOLEANa0004NAME002AExplorerComparator4-configurable-explorer]a0005VALUE0006false])0007BOOLEAN(0007INTEGERa0004NAME0019ExplorerLeftSplitDivider]a0005VALUE0004162])0007INTEGER(0007INTEGERa0004NAME001EExplorerRightSplitLastDivider]a0005VALUE0004279])0007INTEGER(0007INTEGERa0004NAME0015SaveBlobDialogHeight]a0005VALUE0004500])0007INTEGER(0007INTEGERa0004NAME0016BlobImportDialogWidth]a0005VALUE0004500])0007INTEGER(0007INTEGERa0004NAME0017BlobImportDialogHeight]a0005VALUE0004500])0007INTEGER(0007INTEGERa0004NAME001AExplorerRightSplitDivider]a0005VALUE0004554])0007INTEGER(');
insert into sgmldata values(4,2,'0007INTEGERa0004NAME001DExplorerLeftSplitLastDivider]a0005VALUE0004161])0007INTEGER(0007INTEGERa0004NAME0014SaveBlobDialogWidth]a0005VALUE0004500])0007INTEGER(0006STRINGa0004NAME000DExplorerPath]a0005VALUE0009/CoConAT])0006STRING(0006STRINGa0004NAME0014BlobImportDirectory]a0005VALUE001D/home/martin/proj/CM/CoConAT])0006STRING(0006STRINGa0004NAME0012SaveBlobDirectory]a0005VALUE001D/home/martin/Plain/coremedia])0006STRING(0006STRINGa0004NAME0011BlobImportFilter]a0005VALUE0022Image Dateien (*.gif|jpg|bmp|png)])0006STRING(0006STRINGa0004NAME0012AutosaveIntervall]a0005VALUE00024])0006STRING(0006WINDOWa0005TITLE000A\u00dcbersicht]a0001X0004646]a0001Y000349]a0005WIDTH00051072]a0006HEIGHT0004675])0006WINDOW(0006WINDOWa0005TITLE0016ResourceChooserDialog]a0001X0004135]a0001Y0004132]a0005WIDTH0004500]a0006HEIGHT0004400])0006WINDOW(0006WINDOWa0005TITLE0009Dokument]a0001X0004307]a0001Y0004232]a0005WIDTH0004830]a0006HEIGHT0004580])0006WINDOW(0006WINDOWa0005TITLE0013Benutzerverwaltung]a0001X000365]a0001Y000324]a0005WIDTH0004800]a0006HEIGHT0004600])0006WINDOW(000ASTATISTICSa0005COUNT00022]a0005FIRST000E1428344352625]a0004LAST000E1428344352660])000ASTATISTICS)000BPREFERENCES');
insert into sgmlgrammar values(1,'coremedia-richtext-1.0');
insert into sgmlgrammar values(2,'coremedia-richtext-1.0');
insert into sgmlgrammar values(3,'coremedia-richtext-1.0');
insert into sgmlgrammar values(4,'coremedia-preferences');
insert into texts values(2,1,'data',4,0);
insert into texts values(4,1,'teaser',3,0);
insert into texts values(6,1,'teaser',1,0);
insert into texts values(8,1,'teaser',2,0);
insert into linklists values(4,1,'logo',10,0);
insert into linklists values(4,1,'subTopics',6,0);
insert into linklists values(4,1,'subTopics',8,1);
insert into maxids values(0,103);
insert into maxids values(1,102);
insert into maxmemberids values(1,101);
insert into maxmemberids values(0,102);
insert into changelog values(1,-863321166,-1,'NoUser',332,-1880221287,14,0,0,-863321166,0,0,'','','');
insert into changelog values(2,-863321166,0,'admin',332,-1880195232,1,3,1,0,0,0,'System','','');
insert into changelog values(3,-863321166,0,'admin',332,-1880194124,1,5,1,0,0,0,'Home','','');
insert into changelog values(4,-863321166,0,'admin',332,-1880194075,1,7,5,0,0,0,'admin','','');
insert into changelog values(5,-863321166,0,'admin',332,-1880194066,31,0,7,1,0,0,'admin','','');
insert into changelog values(6,-863321166,0,'admin',332,-1880193781,36,1,1,47,0,0,'*','system','');
insert into changelog values(7,-863321166,0,'admin',332,-1880193675,36,1,1,108,0,0,'+','system','');
insert into changelog values(8,-863321166,0,'admin',332,-1880193613,30,1,1,1,0,0,'feeder','','');
insert into changelog values(9,-863321166,0,'admin',332,-1880193603,30,2,1,1,0,0,'publisher','','');
insert into changelog values(10,-863321166,0,'admin',332,-1880193594,30,3,1,1,0,0,'serverdump','','');
insert into changelog values(11,-863321166,0,'admin',332,-1880193584,30,4,1,1,0,0,'watchdog','','');
insert into changelog values(12,-863321166,0,'admin',332,-1880193564,30,5,1,1,0,0,'webserver','','');
insert into changelog values(13,-863321166,0,'admin',332,-1880193553,30,6,1,1,0,0,'workflow','','');
insert into changelog values(14,-863321166,0,'admin',332,-1880193534,38,1,1,0,0,0,'','','');
insert into changelog values(15,-863321166,0,'admin',332,-1880193523,38,2,1,0,0,0,'','','');
insert into changelog values(16,-863321166,0,'admin',332,-1880193447,38,3,1,0,0,0,'','','');
insert into changelog values(17,-863321166,0,'admin',332,-1880193427,38,4,1,0,0,0,'','','');
insert into changelog values(18,-863321166,0,'admin',332,-1880193406,38,5,1,0,0,0,'','','');
insert into changelog values(19,-863321166,0,'admin',332,-1880193393,38,6,1,0,0,0,'','','');
insert into changelog values(20,-863321166,0,'admin',332,-1880193376,33,2,0,0,0,0,'approver','','');
insert into changelog values(21,-863321166,0,'admin',332,-1880193359,36,2,1,8,0,0,'*','approver','');
insert into changelog values(22,-863321166,0,'admin',332,-1880193277,36,2,1,8,0,0,'+','approver','');
insert into changelog values(23,-863321166,0,'admin',332,-1880193269,33,3,0,0,0,0,'chief editor','','');
insert into changelog values(24,-863321166,0,'admin',332,-1880193262,36,3,1,47,0,0,'*','chief editor','');
insert into changelog values(25,-863321166,0,'admin',332,-1880193254,36,3,1,108,0,0,'+','chief editor','');
insert into changelog values(26,-863321166,0,'admin',332,-1880193239,33,4,0,0,0,0,'editor','','');
insert into changelog values(27,-863321166,0,'admin',332,-1880193232,36,4,1,35,0,0,'*','editor','');
insert into changelog values(28,-863321166,0,'admin',332,-1880193226,36,4,1,32,0,0,'+','editor','');
insert into changelog values(29,-863321166,0,'admin',332,-1880193206,36,4,3,34,0,0,'*','editor','');
insert into changelog values(30,-863321166,0,'admin',332,-1880193135,36,4,3,32,0,0,'+','editor','');
insert into changelog values(31,-863321166,0,'admin',332,-1880193128,33,5,0,0,0,0,'importer','','');
insert into changelog values(32,-863321166,0,'admin',332,-1880193120,36,5,1,47,0,0,'*','importer','');
insert into changelog values(33,-863321166,0,'admin',332,-1880193113,36,5,1,108,0,0,'+','importer','');
insert into changelog values(34,-863321166,0,'admin',332,-1880193089,30,7,1,1,0,0,'importer','','');
insert into changelog values(35,-863321166,0,'admin',332,-1880193014,38,7,5,0,0,0,'','','');
insert into changelog values(36,-863321166,0,'admin',332,-1880193006,33,6,0,0,0,0,'publisher','','');
insert into changelog values(37,-863321166,0,'admin',332,-1880192999,36,6,1,4,0,0,'*','publisher','');
insert into changelog values(38,-863321166,0,'admin',332,-1880192991,36,6,1,4,0,0,'+','publisher','');
insert into changelog values(39,-863321166,0,'admin',332,-1880186838,1,2,7,1,0,0,'Meine Voreinstellungen','Preferences','');
insert into changelog values(40,-863321166,0,'admin',332,-1880161497,1,9,1,0,0,0,'CoConAT','','');
insert into changelog values(41,-863321166,0,'admin',332,-1880153403,1,4,9,1,0,0,'Home','RootTopic','');
insert into changelog values(42,-863321166,0,'admin',332,-1880126930,1,6,9,1,0,0,'coconat.java','Topic','');
insert into changelog values(43,-863321166,0,'admin',332,-1880052047,7,6,1,4,0,0,'','','');
insert into changelog values(44,-863321166,0,'admin',332,-1880037525,1,8,9,1,0,0,'coconat.php','Topic','');
insert into changelog values(45,-863321166,0,'admin',332,-1879988733,7,8,1,4,0,0,'','','');
insert into changelog values(46,-863321166,0,'admin',332,-1879876781,1,10,9,1,0,0,'logo','ImageData','');
insert into changelog values(47,-863321166,0,'admin',332,-1879794775,7,10,1,4,0,0,'','','');
insert into changelog values(48,-863321166,0,'admin',332,-1879786932,7,4,1,4,0,0,'','','');
insert into changelog values(49,-863321166,0,'admin',332,-1879756896,13,2,1,0,0,0,'','','');
insert into linkchangelog values(48,6);
insert into linkchangelog values(48,8);
insert into linkchangelog values(48,10);
insert into cmusers values(0,'admin','','com.coremedia.user.0','com.coremedia.user.0',1,'19106293771354909387443197434247499241',7);
insert into cmusers values(1,'feeder','','com.coremedia.user.1','com.coremedia.user.1',1,'-89064189235760786872676127364380298866',1);
insert into cmusers values(2,'publisher','','com.coremedia.user.2','com.coremedia.user.2',1,'12344275328795009026434451024359609805',1);
insert into cmusers values(3,'serverdump','','com.coremedia.user.3','com.coremedia.user.3',1,'-156971708280189654869885345325928852853',1);
insert into cmusers values(4,'watchdog','','com.coremedia.user.4','com.coremedia.user.4',1,'163110539507225307397286024219379344825',1);
insert into cmusers values(5,'webserver','','com.coremedia.user.5','com.coremedia.user.5',1,'-147621932072192894874791816134082793530',1);
insert into cmusers values(6,'workflow','','com.coremedia.user.6','com.coremedia.user.6',1,'147342473732365120207019749246462765983',1);
insert into cmusers values(7,'importer','','com.coremedia.user.7','com.coremedia.user.7',1,'96419686299723693037034781826409117780',1);
insert into cmgroups values(0,'administratoren','','com.coremedia.group.0','com.coremedia.group.0',1,1,1);
insert into cmgroups values(1,'system','','com.coremedia.group.1','com.coremedia.group.1',1,0,0);
insert into cmgroups values(2,'approver','','com.coremedia.group.2','com.coremedia.group.2',1,0,0);
insert into cmgroups values(3,'chief editor','','com.coremedia.group.3','com.coremedia.group.3',1,0,0);
insert into cmgroups values(4,'editor','','com.coremedia.group.4','com.coremedia.group.4',1,0,0);
insert into cmgroups values(5,'importer','','com.coremedia.group.5','com.coremedia.group.5',1,0,0);
insert into cmgroups values(6,'publisher','','com.coremedia.group.6','com.coremedia.group.6',1,0,0);
insert into cmrules values(0,1,63,'*');
insert into cmrules values(0,1,124,'+');
insert into cmrules values(1,1,47,'*');
insert into cmrules values(1,1,108,'+');
insert into cmrules values(2,1,8,'*');
insert into cmrules values(2,1,8,'+');
insert into cmrules values(3,1,47,'*');
insert into cmrules values(3,1,108,'+');
insert into cmrules values(4,1,35,'*');
insert into cmrules values(4,1,32,'+');
insert into cmrules values(4,3,34,'*');
insert into cmrules values(4,3,32,'+');
insert into cmrules values(5,1,47,'*');
insert into cmrules values(5,1,108,'+');
insert into cmrules values(6,1,4,'*');
insert into cmrules values(6,1,4,'+');
insert into cmusergroup values(0,0,0);
insert into cmusergroup values(1,1,0);
insert into cmusergroup values(2,1,0);
insert into cmusergroup values(3,1,0);
insert into cmusergroup values(4,1,0);
insert into cmusergroup values(5,1,0);
insert into cmusergroup values(6,1,0);
insert into cmusergroup values(7,5,0);
insert into cmlicenses values('1','feeder');
insert into preferences values(2,1,0,0,0,null,null,'2015-04-06 20:19:12.000000000',null,null);
insert into imagedata values(10,1,0,0,0,NULL,NULL,'2015-04-06 20:18:34.000000000',NULL,NULL,'CoConAT Logo','logo','coconat logo','image/png','200','94');
insert into topic values(6,1,0,0,0,NULL,NULL,'2015-04-06 20:14:17.000000000',NULL,NULL,'CoConAT Java','Java','coconat java');
insert into topic values(8,1,0,0,0,NULL,NULL,'2015-04-06 20:15:20.000000000',NULL,NULL,'CoConAT PHP','PHP','coconat php');
insert into roottopic values(4,1,0,0,0,NULL,NULL,'2015-04-06 20:18:42.000000000',NULL,NULL,'CoConAT','coconat','coremedia content access tool');
insert into folderindex values(1,3,1);
insert into folderindex values(1,5,1);
insert into folderindex values(1,7,2);
insert into folderindex values(3,3,0);
insert into folderindex values(5,5,0);
insert into folderindex values(5,7,1);
insert into folderindex values(7,7,0);
insert into folderindex values(9,9,0);
